Tyreek,Hill,https://static.clubs.nfl.com/image/private/t_editorial_landscape_mobile/f_auto/dolphins/ml1inwkhin4vwmj7s6jq.jpg
Tom,Brady,https://upload.wikimedia.org/wikipedia/commons/1/1a/Tom_Brady_2020_playoffs.jpg
Aaron,Rodgers,https://upload.wikimedia.org/wikipedia/commons/thumb/2/2e/Aaron_Rodgers_Packers_OCT2021_%28cropped%29.jpg/800px-Aaron_Rodgers_Packers_OCT2021_%28cropped%29.jpg
DeAndre,Hopkins,https://upload.wikimedia.org/wikipedia/commons/thumb/0/05/DeAndre_Hopkins_2020.jpg/640px-DeAndre_Hopkins_2020.jpg
Saquon,Barkley,https://upload.wikimedia.org/wikipedia/commons/7/7b/Saquon_Barkley_Giants_2018.jpg
Dalvin,Cook,https://upload.wikimedia.org/wikipedia/commons/thumb/2/2c/Cook_2022_%28cropped%29.jpg/800px-Cook_2022_%28cropped%29.jpg
Aaron,Jones,https://upload.wikimedia.org/wikipedia/commons/thumb/3/30/Aaron_Jones_WFT_vs_Packers_OCT2021.jpg/800px-Aaron_Jones_WFT_vs_Packers_OCT2021.jpg
Julio,Jones,https://upload.wikimedia.org/wikipedia/commons/4/43/Julio_Jones_2018.jpg
Dexter,Lawrence II,https://s3media.247sports.com/Uploads/Assets/889/881/9881889.jpg
Micah,Hyde,https://upload.wikimedia.org/wikipedia/commons/c/c7/Micah_Hyde_%28American_football%29.JPG
Fred,Warner,https://upload.wikimedia.org/wikipedia/commons/6/6d/Fred_Warner_49ers_2018_%281%29.jpg
Michael,Pittman Jr.,https://upload.wikimedia.org/wikipedia/commons/thumb/7/76/Michael_Pittman_Jr._%282020%29.jpg/800px-Michael_Pittman_Jr._%282020%29.jpg
Kenneth,Walker III,https://cdn.vox-cdn.com/thumbor/OxC8G_cOU_wIwHeS9fZVGg1492g=/1400x1400/filters:format(jpeg)/cdn.vox-cdn.com/uploads/chorus_asset/file/24099111/1430110925.jpg
Amon Ra.,St. Brown,https://weeklyspiral.com/wp-content/uploads/2021/12/1355579122-750x422.jpeg
Dameon,Pierce,https://profootballtalk.nbcsports.com/wp-content/uploads/sites/25/2022/11/GettyImages-1244473635-e1667565678411.jpg?w=560&h=316&crop=1
Josh,Allen,https://upload.wikimedia.org/wikipedia/commons/9/95/Josh_Allen_SEPT2021_%28cropped2%29.jpg
Jalen,Hurts,https://upload.wikimedia.org/wikipedia/commons/thumb/5/54/Jalen_Hurts_WFT_%40_PHI_2021_%28cropped%29.jpg/518px-Jalen_Hurts_WFT_%40_PHI_2021_%28cropped%29.jpg
Lamar,Jackson,https://upload.wikimedia.org/wikipedia/commons/thumb/b/ba/Lamar_Jackson_2020.jpg/640px-Lamar_Jackson_2020.jpg
Travis,Kelce,https://upload.wikimedia.org/wikipedia/commons/thumb/d/d3/Chiefs_361_%2851615694173%29.jpg/1200px-Chiefs_361_%2851615694173%29.jpg
David,Njoku,https://factoryofsadness.co/wp-content/uploads/imagn-images/2017/07/15072604.jpeg
